phase,quantity,item,reference,priority,note
bench,1,ADS1115 breakout ADC,Adafruit 1085,high,Not the final automotive-qualified part
bench,1,0-100kohm decade box,0.1 percent preferred,high,Characterize temperature input
bench,1,Precision resistor kit,0.1 percent 1k-150k,high,Dividers and pull-ups
bench,1,X7R capacitor kit,100nF 1uF 10uF,high,Filtering and decoupling
bench,1,Solderless breadboard and jumpers,2.54mm pitch,high,Initial characterization
bench,1,Terminals headers and connectors,2.54mm and 5.08mm pitch,medium,Reversible connections
bench,1,USB supply,5V 3A,high,First tests
bench,1,USB-C data cable,Certified,high,Programming
bench,1,Multimeter,High-impedance input,high,Pinout and calibration
bench,1,Fine back-probes,Insulated tips,high,Do not pierce the original harness
bench,1,Reference thermometer,Contact probe,medium,Thermistor calibration
vehicle-prototype,1,5V buck,Pololu D36V28F5 #3782,medium,Not final automotive qualification
vehicle-prototype,1,Load-dump TVS,Littelfuse SLD8S24A,medium,12V network
vehicle-prototype,1,Automotive fuse holder,Mini or ATO,high,Near ACC
vehicle-prototype,3,Fuse,2A,high,One installed plus spares
optional,1,USB to RS232,Innovate 37330,medium,Only if needed
optional,1,MTX programming cable,Innovate 38400,high,Should be included with kit
optional,1,Spare thermistor,Innovate 15-0049,low,Calibration without removing installed sensor
optional,1,Pressure sensor cable,Innovate 08-0256C,low,Reversible adapter
final-pcb,1,Automotive ADC,TI ADS1115-Q1 DGS,wait,Buy after schematic is frozen
